question_id,question,num_tasks,execution_type,needs_decomposition,complexity_reason,system_answer,true_answer,score,level
0,what was the hqla in the q4 of Citigroup in 2015,1,simple,False,Simple direct lookup of a single financial metric,The High-Quality Liquid Assets (HQLA) for Citigroup in Q4 of 2015 was $378.5 billion.,378.5 billion dollars,1,6
1,as a result of the sales of certain non-core towers and other assets what was the recorded net losses of American Tower in 2008,2,sequential,True,Requires retrieving specific financial data and performing calculations to determine net losses,"In 2008, American Tower reported several key financial metrics. The tower cash flow for the fourth quarter was $188,449, while the adjusted consolidated cash flow for the entire year was $739,187. However, the non-tower cash flow showed a loss of -$14,611. Additionally, the company recorded impairments and losses from the sale of non-core assets totaling $11.2 million.

To calculate the total recorded net losses for the year, we combine the non-tower cash flow loss with the impairments and losses from asset sales. This results in total net losses of -$11,214,611.

In summary, the financial data for American Tower in 2008 indicates a strong reliance on its rental and management segment, which accounted for 97% of total revenues, while also reflecting significant losses due to non-core asset sales and impairments. The final recorded net losses for the year amounted to -$11,214,611.",10.5 million dollars,0,6
2,what was the port call costsin of Royal Caribbean Cruises in 2012,1,simple,False,Simple direct lookup of a single financial metric,The port call costs of Royal Caribbean Cruises in 2012 were $459.8 million.,459.8 million dollars,1,6
3,what is the aggregate rent expense of American Tower Corp in 2014?,1,simple,False,Simple direct lookup of a single financial metric,The aggregate rent expense of American Tower Corp in 2014 is approximately $655.0 million.,655.0 million dollars,1,2
4,what is the long-term component of BlackRock at 12/31/2011?,1,simple,False,Simple direct lookup of a single financial metric,"The long-term component of BlackRock as of December 31, 2012, includes total long-term borrowings of $5,700 million.",593356 million dollars,0,6
5,"at december 31 , 2012 of The PNC Financial Services, what was the potential maximum exposure under the loss share arrangements?",1,simple,False,Simple direct lookup of a single financial metric,"The potential maximum exposure under the loss share arrangements for The PNC Financial Services as of December 31, 2012, includes an aggregate maximum of $14.7 billion under standby letters of credit and risk participations, but the total potential exposure from indemnification provisions cannot be quantified.",3.9 billion dollars,0,6
6,what is the total financial liabilities at fair value of Goldman Sachs in 2012?,1,simple,False,Simple direct lookup of a single financial metric,"$377,677 million.",377677 million dollars,1,6
7,what was brazilian paper sales of International Paper Company in 2006?,1,simple,False,Simple direct lookup of a single financial metric,The Brazilian paper sales of International Paper Company in 2006 were $496 million.,496 million dollars,1,2
8,what was brazilian paper sales of International Paper Company in 2005?,1,simple,False,Simple direct lookup of a single financial metric,The Brazilian paper sales of International Paper Company in 2005 were $684 million.,465 million dollars,0,2
9,what is the cashflow of Kellogg in 2006?,1,simple,False,Simple direct lookup of a single financial metric,The cash flow of Kellogg in 2006 was $957.4 million.,957.4 million dollars,1,2
10,"From the perspective of 6 years ago, what percentage of total minimum lease payments of Dish Network are due in 2015?",3,sequential,True,Requires retrieving total minimum lease payments and calculating the percentage for a specific year,"To summarize the findings regarding Dish Network's total minimum lease payments:

1. **Total Minimum Lease Payments in 2015**: $390,719,000.
2. **Total Minimum Lease Payments in 2010**: $777,443,000. Data for 2009 is not available.
3. **Total Payments (2015 + 2010)**: $1,168,162,000.
4. **Percentage of Total Minimum Lease Payments in 2015 relative to Total Payments**: Approximately 33.45%.

Thus, the final answer to the original question is:

Dish Network's total minimum lease payments due in 2015 were $390,719,000, which represents approximately 33.45% of the total minimum lease payments when combined with the payments due in 2010.",9.772%,0,3
11,in 2011 what was the SL Green Realty Corp's percent of the change in the account balance at end of year,3,sequential,True,Requires retrieving account balance data for the end of the year and calculating the percentage change,"To determine the percentage change in SL Green Realty Corp's account balance from the end of 2010 to the end of 2011, we can use the following data:

- **Account balance at the end of 2010**: $834,902,000
- **Account balance at the end of 2011**: $2,912,456,000

### Calculation Steps:

1. **Calculate the difference** between the two account balances:
   \[
   \text{Difference} = \text{New Value} - \text{Old Value} = 2,912,456,000 - 834,902,000 = 2,077,554,000
   \]

2. **Calculate the percentage change** using the formula:
   \[
   \text{Percent Change} = \left( \frac{\text{Difference}}{\text{Old Value}} \right) \times 100
   \]
   Substituting the values:
   \[
   \text{Percent Change} = \left( \frac{2,077,554,000}{834,902,000} \right) \times 100 \approx 248.0\%
   \]

### Final Answer:
The percentage change in SL Green Realty Corp's account balance from the end of 2010 to the end of 2011 is approximately **248.0%**.",6.75%,0,3
12,"what was the value in thousands of unvested restricted stock and performance awards at the weighted-averagegrant-datefair value as of december 31 , 2018 of Global Payments?",3,sequential,True,Requires retrieving multiple values and performing calculations to determine the weighted-average grant-date fair value,"As of December 31, 2018, the value of unvested restricted stock and performance awards for Global Payments was $108.51 million, which is equivalent to $108,510 thousand. However, the database does not contain the information necessary to calculate the weighted-average grant-date fair value, which prevents the completion of any further calculations related to this value. Therefore, while we have the total value of the unvested awards, we cannot determine the weighted-average grant-date fair value or apply it to these awards.",117624.84,0,2
13,"based on the cash dividends paid of the year, how many common stock shares were outstanding in 2007 Snap-on?",3,mixed,True,Requires retrieving cash dividends and outstanding shares data for calculation,"To summarize the findings regarding Snap-on's financial data for 2007:

1. **Total Cash Dividends Paid**: Snap-on paid a total of **$64.8 million** in cash dividends in 2007.
2. **Dividend Per Share**: The dividend per share for Snap-on in 2007 was **$1.11**.
3. **Number of Common Stock Shares Outstanding**: Using the total cash dividends and the dividend per share, the number of common stock shares outstanding in 2007 was calculated to be approximately **58,378,378** shares.

These figures are consistent and accurately reflect Snap-on's financial performance in 2007. 

**Final Answer**: In 2007, Snap-on paid $64.8 million in cash dividends, with a dividend per share of $1.11, resulting in approximately 58,378,378 shares outstanding.",58909091,0,2
14,"what is the Entergy Corp's 2008 total value , in millions of dollars , of issuable long-term securities?",1,simple,False,Simple direct lookup of a single financial metric,Agent stopped due to iteration limit or time limit.,1450,0,2
15,"for the capital framework of Goldman Sachs Group 8 years ago, what percent of the minimum supplementary leverage ratio consisted of a buffer?",3,mixed,True,Requires retrieving multiple values and performing a calculation to determine the percentage,"To summarize the findings regarding the minimum supplementary leverage ratio for Goldman Sachs Group in 2017:

1. The minimum supplementary leverage ratio for Goldman Sachs Group in 2017 was not directly retrieved due to input format issues, but it was later established that the total minimum supplementary leverage ratio was 5.0%, which includes a minimum requirement of 3.0% and a buffer of 2.0%.

2. The buffer amount that is part of the minimum supplementary leverage ratio for Goldman Sachs Group in 2017 is confirmed to be 2.0%.

3. The percentage of the buffer in relation to the minimum supplementary leverage ratio was calculated as follows:
   \[
   \text{Percentage of Buffer} = \left( \frac{\text{Buffer}}{\text{Minimum Supplementary Leverage Ratio}} \right) \times 100 = \left( \frac{2.0}{5.0} \right) \times 100 = 40\%
   \]

Thus, the final answer is that the buffer constitutes **40%** of the minimum supplementary leverage ratio for Goldman Sachs Group in 2017.",40%,1,6
16,in 2007 what was the 3M's ratio of the interest expense to the interest income,3,mixed,True,Requires retrieving two separate values and performing a ratio calculation,"To summarize the financial data for 3M in 2007:

1. **Interest Expense**: 3M's interest expense for 2007 was $210 million.
2. **Interest Income**: 3M's interest income for 2007 was -$132 million, indicating that the company incurred more interest expenses than it earned from interest.
3. **Ratio Calculation**: The ratio of interest expense to interest income was calculated as follows:

   \[
   \text{Ratio} = \frac{\text{Interest Expense}}{\text{Interest Income}} = \frac{210 \text{ million}}{-132 \text{ million}} \approx 1.59
   \]

This means that for every dollar of interest income, 3M had approximately $1.59 in interest expenses, highlighting a significant financial burden from interest payments relative to income.

**Final Answer**: In 2007, 3M had an interest expense of $210 million, an interest income of -$132 million, and the ratio of interest expense to interest income was approximately 1.59.",1.59,1,2
17,"what is the AON's decrease observed in the additions for tax positions of prior years as of 2018, in millions?",2,sequential,True,Requires retrieving specific financial data and performing a calculation to determine the decrease in tax positions,"Final Answer: Unable to retrieve AON's tax positions for prior years as of 2018 and, consequently, unable to calculate the decrease in additions for tax positions due to lack of relevant data in the available tables.",2,0,2
18,"In 2014 Global Payments, what is the total value of securities approved by security holders but net yer issued , ( in millions ) ?",3,sequential,True,Requires retrieving multiple data points and performing a calculation to determine the total value of securities approved but not yet issued.,"The total value of securities approved by security holders in 2014 for Global Payments is $31,323,820.85. However, I was unable to retrieve the total value of securities issued in 2014 for Global Payments. Consequently, I cannot calculate the total value of securities approved but not yet issued, as this requires knowing the total value of securities that were actually issued. Therefore, the final conclusion is that I cannot determine the total value of securities approved but not yet issued due to the lack of data on the total value of securities issued in 2014 for Global Payments.",365.4,0,4
19,what is the percent of our network route miles that is owned rather than operated on pursuant to trackage rights or leases in 2016 Union Pacific Corp,3,mixed,True,Requires retrieving multiple data points and performing a calculation to determine the percentage,"To summarize the findings regarding Union Pacific Corp's network route miles in 2016:

1. **Total Network Route Miles Owned**: Union Pacific Corp owned approximately **26,053 miles** of route miles.
2. **Total Network Route Miles Operated on Pursuant to Trackage Rights or Leases**: The company operated approximately **6,017 miles** on trackage rights or leases.
3. **Percentage of Network Route Miles Owned versus Operated**: The percentage of route miles owned compared to the total (owned plus operated) is approximately **81.24%**.

Thus, the final answers to the original question are:
- Union Pacific Corp owned **26,053 miles** of route miles.
- They operated **6,017 miles** on trackage rights or leases.
- The percentage of owned route miles is approximately **81.24%**.",81.2%,1,2
20,What is the American Tower Corp's current ratio in 13 years ago?,1,simple,False,Simple direct lookup of a single financial metric,The current ratio for American Tower Corp in 2012 is approximately 18.05.,1.7923,0,2
21,What is the DISH Network Corporation's current ratio in 14 years ago?,1,simple,False,Simple direct lookup of a single financial metric,The current ratio for DISH Network Corporation in 2011 is approximately 1.78.,1.7804,1,2
22,What is the American Tower Corp's current ratio in 2012?,1,simple,False,Simple direct lookup of a single financial metric,The current ratio for American Tower Corp in 2012 is approximately 1.79.,1.7923,1,1
23,What is the DISH Network Corporation's current ratio in 2011?,1,simple,False,Simple direct lookup of a single financial metric,The current ratio for DISH Network Corporation in 2011 is approximately 1.78.,1.7804,1,1
24,What is the International Paper Company's Operating Profit Margin of printing papers business in 2006?,1,simple,False,Simple direct lookup of a single financial metric,The Operating Profit Margin of International Paper Company's printing papers business in 2006 is approximately 8.10%.,9.769119769,0,2
25,What is the International Paper Company's Operating Profit Margin of printing papers business in 2005?,1,simple,False,Simple direct lookup of a single financial metric,0.61%,6.59693166,0,2
26,What is the International Paper Company's Operating Profit Margin of printing papers business in 2004?,1,simple,False,Simple direct lookup of a single financial metric,The Operating Profit Margin of International Paper Company's printing papers business in 2005 is approximately 71.91%.,7.119831815,0,6
27,What is the Air Products and Chemicals' Operating Profit Margin in 2016?,1,simple,False,Simple direct lookup of a single financial metric,26.77%,26.7735375,1,2
28,What is the Air Products and Chemicals' Operating Profit Margin in 2015?,1,simple,False,Simple direct lookup of a single financial metric,Agent stopped due to iteration limit or time limit.,21.88472888,0,2
29,What is the Air Products and Chemicals' Operating Profit Margin in 2014?,1,simple,False,Simple direct lookup of a single financial metric,The Operating Profit Margin for Air Products and Chemicals in 2014 is approximately 19.58%.,18.69805075,0,2
30,What is the difference of Operating Profit Margin between Air Products and Chemicals in 2016 and printing papers business of International Paper Company in 2006?,3,mixed,True,Requires retrieving two separate operating profit margin values and performing a calculation to find the difference,"To summarize the findings from the tasks executed:

1. The operating profit margin for **Air Products and Chemicals** in **2016** was calculated to be **26.77%**.
2. The operating profit margin for **International Paper Company's** printing papers business in **2006** was found to be approximately **8.10%**.
3. The difference between these two operating profit margins was calculated to be approximately **18.7%**.

Thus, the final answer to the original question regarding the difference in operating profit margins is:

**The difference between the operating profit margins of Air Products and Chemicals in 2016 and International Paper Company's printing papers business in 2006 is approximately 18.7%.**",17.00441774,0,3
31,What is the average of Operating Profit Margin between Air Products and Chemicals in 2016 and printing papers business of International Paper Company in 2005?,3,mixed,True,Requires retrieving two separate values and calculating the average,"To summarize the findings from the tasks executed:

1. The Operating Profit Margin for Air Products and Chemicals in 2016 was calculated to be **26.77%**.
2. The Operating Profit Margin for International Paper Company's printing papers business in 2005 was reported as **100%**. However, this figure seems unrealistic given the context of the industry challenges mentioned, suggesting that the operating income might have been inaccurately interpreted as equal to net sales.
3. The average of the two Operating Profit Margins was calculated to be **63.385%**.

Given the discrepancies in the second task's result, particularly the unrealistic 100% margin, it is prudent to approach the final answer with caution. The average of the two margins, **63.385%**, is mathematically correct based on the provided data, but the second margin should be viewed critically.

Thus, the final answer, while mathematically accurate, should be contextualized with the understanding that the 100% margin may not reflect a realistic operating scenario for International Paper. 

**Final Answer: The average Operating Profit Margin calculated is 63.385%.**",16.68523458,0,3
32,What is the sum of Operating Profit Margin between Air Products and Chemicals in 2016 and printing papers business of International Paper Company in 2004?,3,mixed,True,Requires retrieving two separate values and performing a summation,"To summarize the findings from the tasks:

1. The Operating Profit Margin for Air Products and Chemicals in 2016 is **26.77%**.
2. The Operating Profit Margin for the printing papers business of International Paper Company in 2005 is approximately **0.4372%**.

To find the total of these two margins, we add them together:

- **26.77%** (Air Products and Chemicals) + **0.4372%** (International Paper Company) = **27.2072%**.

Thus, the final answer, which is the sum of the Operating Profit Margins from both companies, is approximately **27.21%** when rounded to two decimal places. 

Final Answer: The total Operating Profit Margin for both companies is approximately **27.21%**.",33.89336932,0,3
33,Which one's Operating Profit Margin is bigger between Air Products and Chemicals in 2014 and printing papers business of International Paper Company in 2006?,3,mixed,True,Requires retrieving multiple values and performing a comparison between them,"After reviewing the tasks and calculations, here is the final answer to the original question regarding the comparison of Operating Profit Margins for Air Products and Chemicals and International Paper Company:

1. The Operating Profit Margin for Air Products and Chemicals in 2014 is approximately **19.58%**.
2. The Operating Profit Margin for International Paper Company's printing papers business in 2006 is approximately **54.35%**.
3. The difference in Operating Profit Margins indicates that International Paper Company had a margin that is **34.77% higher** than that of Air Products and Chemicals.

Thus, the final answer is:

The Operating Profit Margin of International Paper Company is **34.77% higher** than that of Air Products and Chemicals.",Air Products and Chemicals,0,3
34,What is the difference of Operating Profit Margin between Air Products and Chemicals in 2015 and printing papers business of International Paper Company in 2006?,3,mixed,True,Requires retrieving two separate operating profit margin values and performing a calculation to find the difference,"To summarize the findings regarding the operating profit margins of Air Products and Chemicals in 2015 and International Paper Company's printing papers business in 2006:

1. **Operating Profit Margin for Air Products and Chemicals in 2015**: 8.10%
2. **Operating Profit Margin for International Paper Company in 2006**: 5.34%

The difference in operating profit margins between the two companies is calculated as follows:

\[
\text{Difference} = \text{Operating Margin}_{APD} - \text{Operating Margin}_{IP} = 8.10\% - 5.34\% = 2.76\%
\]

Thus, the final answer is:

**The difference in operating profit margins is 2.76%.**",12.11560911,0,3
35,What is the average of Operating Profit Margin between Air Products and Chemicals in 2015 and printing papers business of International Paper Company in 2005?,3,mixed,True,Requires retrieving multiple values and calculating an average,"After reviewing the tasks and their respective outputs, it appears that there are inconsistencies and incomplete data retrievals. Here’s a summary of the findings:

1. **Task 1**: The attempt to retrieve the Operating Profit Margin for Air Products and Chemicals in 2015 was unsuccessful due to the inability to obtain the necessary operating income and net sales figures. The agent stopped due to iteration or time limits.

2. **Task 2**: The Operating Profit Margin for the printing papers business of International Paper Company in 2005 was successfully calculated as approximately 141%. This was based on an operating income of $658 million and net sales of $468 million.

3. **Task 3**: The task aimed to calculate the average of the two retrieved Operating Profit Margins. However, since Task 1 did not yield a result, the average could not be calculated accurately.

Given these points, the final answer to the original question regarding the average of the two Operating Profit Margins is as follows:

**Final Answer**: The Operating Profit Margin for the printing papers business of International Paper Company in 2005 is 141%. However, due to the lack of data from Task 1, the average of the two Operating Profit Margins cannot be calculated. Therefore, the only confirmed value is 141%.",14.24083027,0,3
36,What is the sum of Operating Profit Margin between Air Products and Chemicals in 2015 and printing papers business of International Paper Company in 2004?,3,mixed,True,Requires retrieving two separate values and performing a summation,"The final answer to the original question regarding the Operating Profit Margin for International Paper Company's printing papers business in 2005 is approximately **141%**. 

This figure indicates that the operating income was significantly higher than the net sales, which is unusual and suggests a potential misunderstanding in the data interpretation. However, based on the calculations performed, the Operating Profit Margin is reported as 141%. 

For the context of the calculation, it is important to note that the Operating Profit Margin from task 1 was not available, and thus it was assumed to be 0% for the purpose of summation. Therefore, the final result remains **141.0**.",29.00456069,0,3
37,Which one's current ratio is bigger between American Tower Corp in 2012 and DISH Network Corporation in 2011?,3,mixed,True,Requires retrieving two separate current ratios and performing a comparison,"The current ratio for American Tower Corp in 2012 is approximately 18.05. Unfortunately, I was unable to retrieve the current ratio for DISH Network Corporation for any available years (2010, 2011, 2013, or 2014). Therefore, I can only provide the current ratio for American Tower Corp for comparison. 

In summary, the current ratio for American Tower Corp is 18.05, while the current ratio for DISH Network Corporation is not available.",American Tower Corp,1,2
38,What is the average of current ratio between American Tower Corp in 2012 and DISH Network Corporation in 2011?,3,mixed,True,Requires retrieving two separate values and calculating the average,"After reviewing the tasks and calculations, here is the final answer to the original question regarding the current ratios and their average:

1. The current ratio for American Tower Corp in 2012 is approximately **18.05**.
2. The current ratio for DISH Network Corporation in 2011 is approximately **1.78**.
3. The average of these two current ratios is calculated as follows:

   \[
   \text{Average} = \frac{(18.05 + 1.78)}{2} \approx 9.915
   \]

Thus, the average of the current ratios from the two companies is approximately **9.92**.

In summary, the final answer is:
- The current ratio for American Tower Corp in 2012 is **18.05**.
- The current ratio for DISH Network Corporation in 2011 is **1.78**.
- The average of these current ratios is approximately **9.92**.",1.786341177,0,3
39,What is the difference of current ratio between American Tower Corp in 2012 and DISH Network Corporation in a year before that?,3,mixed,True,Requires retrieving two separate values and performing a calculation to find the difference,"The current ratio for American Tower Corp in 2012 is approximately 40.25, while the current ratio for DISH Network Corporation in 2011 is approximately 1.78. The difference between these two current ratios is 38.47. 

Thus, the final answer is: The difference between American Tower Corp's 2012 current ratio and DISH Network Corporation's 2011 current ratio is 38.47.",0.01185521735,0,3
40,What is the Goldman Sachs Group's Total Assets change from 2014 to 2016 multiplied by the average of current ratio between American Tower Corp in 2012 and DISH Network Corporation in 2011?,5,mixed,True,Requires multiple independent calculations followed by multiplication,"The final answer to the original question is that the result of multiplying the change in Goldman Sachs' total assets from 2014 to 2016, which is $3,925 million, by the average current ratio of American Tower Corp and DISH Network Corporation is approximately $38,936 million, or $38.936 billion.",48722.45 million,0,3
41,What is the Goldman Sachs Group's Total Assets change from 2013 to 2017 multiplied by the average of current ratio between American Tower Corp in 2012 and DISH Network Corporation in 2011?,5,mixed,True,Requires multiple independent calculations followed by multiplication and averaging,"After reviewing the intermediate answers and trace logs, here is the final answer to the original financial question:

1. **Total Assets Change for Goldman Sachs (2013 to 2017)**: The total assets for Goldman Sachs in 2013 were $911.51 billion, and in 2017, they were approximately $937.424 billion. This results in a change of approximately $25.914 billion.

2. **Current Ratios**:
   - The current ratio for American Tower Corp in 2012 is approximately 1.79.
   - The current ratio for DISH Network Corporation in 2011 is approximately 1.78.

3. **Average Current Ratio**: The average of the current ratios from American Tower Corp and DISH Network Corporation is approximately 1.785.

4. **Final Calculation**: The result of multiplying Goldman Sachs' asset change ($25.914 billion) by the average current ratio (1.785) is approximately $46.256 billion.

Thus, the final answer is:

**The result of multiplying Goldman Sachs' asset change by the average current ratio is approximately $46.256 billion.**",46296.6 million,0,3
42,What is the sum of Goldman Sachs Group's Total Assets from 2011 to 2014 divided by the average of Operating Profit Margin between Air Products and Chemicals in 2016 and printing papers business of International Paper Company in 2005?,6,mixed,True,"Requires multiple calculations: summing total assets over several years and calculating an average operating profit margin, followed by division.","To summarize the findings from the tasks regarding Goldman Sachs Group's total assets and the operating profit margins of Air Products and Chemicals and International Paper Company:

1. **Total Assets of Goldman Sachs Group (2012-2014)**:
   - 2012: $938,555 million
   - 2013: $911,507 million
   - 2014: $856,240 million
   - **Total from 2012 to 2014**: $2,706,302 million

2. **Operating Profit Margin**:
   - For Air Products and Chemicals in 2016: **26.77%**
   - For International Paper Company's printing papers business in 2005: **141%**

3. **Average Operating Profit Margin**:
   - The average of the two operating profit margins calculated is approximately **83.89%**.

4. **Final Calculation**:
   - The sum of total assets ($2,706,302 million) divided by the average operating profit margin (0.83885) results in approximately **$3,226,204.92 million**, or about **$3.23 trillion**.

Thus, the final answer to the original question is that the calculated value based on the total assets and average operating profit margin is approximately **$3.23 trillion**.",217529.28 million,0,3
43,What is the sum of Goldman Sachs Group's Total Assets from 2011 to 2014 multiplied by the average of Operating Profit Margin between Air Products and Chemicals in 2015 and printing papers business of International Paper Company in 2005?,5,mixed,True,Requires multiple independent calculations followed by multiplication and averaging,"Based on the information provided, here is a summary and final answer to the original financial question:

1. **Total Assets of Goldman Sachs**: The total assets from 2012 to 2014 were calculated, resulting in a total of **$2,706,302 million**.

2. **Operating Profit Margin for Air Products and Chemicals in 2015**: The attempt to retrieve this data was unsuccessful, and no specific value was provided.

3. **Operating Profit Margin for International Paper Company's printing papers business in 2005**: This was successfully retrieved and calculated to be **0.4372%**.

4. **Average Operating Profit Margin**: The average could not be calculated because the Operating Profit Margin from Task 2 (Air Products and Chemicals) was not available.

5. **Final Calculation Attempt for Goldman Sachs**: The attempt to retrieve the Operating Profit Margin for Goldman Sachs was unsuccessful across multiple fiscal years, leading to the conclusion that the task could not be completed.

### Final Answer:
The total assets of Goldman Sachs from 2012 to 2014 amount to **$2,706,302 million**. However, due to the inability to retrieve the Operating Profit Margin for Goldman Sachs and the Operating Profit Margin for Air Products and Chemicals, the overall financial analysis could not be completed.",51687477.96 million,0,3
44,What is the Goldman Sachs Group's Total Assets change from 2014 to 2016 divided the difference of Operating Profit Margin between Air Products and Chemicals in 2016 and printing papers business of International Paper Company in 2006?,5,mixed,True,Requires multiple independent calculations followed by division,"After reviewing the intermediate answers and calculations, here is the final answer to the original question:

The change in Goldman Sachs' total assets from 2014 to 2016 is an increase of $3,925 million. The Operating Profit Margin for Air Products and Chemicals in 2016 is approximately 26.77%, while the Operating Profit Margin for International Paper Company's printing papers business in 2006 is approximately 8.10%. The difference between these two margins is 18.67%. When dividing the change in Goldman Sachs' total assets by this difference, the result is approximately 210.23.

Thus, the final answer is:

**210.23**",1604 million,0,3
45,What is the difference in total assets for the financial sector company founded in the 1869 between 2013 and 2017?,3,mixed,True,Requires retrieving total assets for a specific company for two different years and performing a calculation,"After reviewing the tasks and their outcomes, it is clear that there is a consistent issue with the lack of available financial data for the specific company in question, which is a financial sector company founded in 1869. 

1. **Task 1**: Attempted to retrieve total assets for the year 2013 but was unable to do so due to the absence of financial data tables.
2. **Task 2**: Attempted to retrieve total assets for the year 2017 and faced the same issue, resulting in an inability to access the required data.
3. **Task 3**: Tried to calculate the difference in total assets between 2013 and 2017 but could not proceed because the necessary data for both years was not available.

Given these findings, the final answer to the original question is:

**Final Answer**: Unable to retrieve total assets for the financial sector company founded in 1869 for the years 2013 and 2017, and therefore unable to calculate the difference in total assets between these years due to lack of data.",25917 million,0,3
46,What is the difference in revenue for the oldest transportation sector S&P500 company between 2013 and 2016?,4,mixed,True,Requires retrieving revenue data for a specific company for two different years and performing a calculation,"The financial analysis for Union Pacific Corporation reveals the following:

1. **Company Identification**: Union Pacific Corporation is the oldest transportation sector company in the S&P 500, founded in 1862.

2. **Revenue Data**:
   - In **2013**, Union Pacific Corporation reported total operating revenues of **$21,963 million**.
   - In **2016**, the total operating revenues decreased to **$19,941 million**.

3. **Revenue Difference Calculation**: The difference in revenue between 2016 and 2013 is calculated as follows:
   - Revenue in 2013: $21,963 million
   - Revenue in 2016: $19,941 million
   - Difference: $21,963 million - $19,941 million = **$2,022 million**.

In summary, Union Pacific Corporation's revenue decreased by **$2,022 million** from 2013 to 2016.",2022 million,0,3
47,What is the Operating Profit Margin in 2015 for the process industries sector company founded in 1940s and headquartered in Pennsylvania?,2,sequential,True,Requires retrieving specific financial data and filtering based on multiple criteria,"The task of retrieving the list of process industries sector companies founded in the 1940s and headquartered in Pennsylvania was successfully completed. However, the subsequent task to retrieve the Operating Profit Margin for these identified companies in 2015 could not be executed due to a lack of specific company ticker information, which was not available from the previous task.

In summary, while the list of relevant companies was retrieved, the financial data for these companies in 2015 could not be obtained because the necessary tickers were not identified. Therefore, the final answer is:

The list of process industries sector companies founded in the 1940s and headquartered in Pennsylvania has been retrieved successfully, but the Operating Profit Margin for these companies in 2015 could not be determined due to the absence of their tickers.",21.88472888,0,6
48,What was the current ratio in 2012 for the financial sector company with a P/E ratio between 40 and 50 and a market cap exceeding 100 billion dollars now?,3,sequential,True,Requires multiple filters and calculations to identify the specific company and retrieve its current ratio for 2012,"The execution plan involved retrieving financial sector companies with a P/E ratio between 40 and 50 and a market cap exceeding 100 billion dollars. The query was successfully executed, and relevant companies were retrieved. However, the process was interrupted due to an iteration or time limit, and the specific company for which the current ratio for 2012 was to be retrieved was not identified.

To proceed, I need you to specify the company or ticker symbol for which you would like to retrieve the current ratio for the year 2012. Please provide that information so I can assist you further.",1.7923,0,4
49,What is the Operating Profit Margin in 2005 for the printing papers business of the process industries sector company founded in 1890s and headquartered in Tennessee?,4,sequential,True,Requires retrieving multiple data points and performing calculations to determine the operating profit margin,"Based on the information retrieved and analyzed, here is the final answer to the original question regarding the operating profit margin for International Paper (IP) in 2005:

1. **Company Identification**: The company in question is International Paper (IP), founded in 1898 and headquartered in Memphis, Tennessee, operating in the process industries sector.

2. **Total Revenue**: The total revenue for the printing papers business of International Paper in 2005 was **$658 million**.

3. **Total Operating Profit**: The total operating profit for the printing papers business of International Paper in 2005 was also reported as **$658 million**.

4. **Operating Profit Margin Calculation**: The operating profit margin is calculated using the formula:
   \[
   \text{Operating Profit Margin} = \left( \frac{\text{Operating Profit}}{\text{Total Revenue}} \right) \times 100
   \]
   Substituting the values:
   \[
   \text{Operating Profit Margin} = \left( \frac{658 \text{ million}}{658 \text{ million}} \right) \times 100 = 100\%
   \]

Thus, the final answer is:

**The operating profit margin for International Paper (IP) in 2005 was 100%.**",6.59693166,0,2
